mode,ts,elapsed_s,waiting,stale,source
OFF,1789150128.5860488,0.12130379676818848,0.0,False,/content/DoS-Stress-Testing/runs/demo-20260911-180828-5190b1-flood-off/gateway_samples.jsonl
OFF,1789150128.8363142,0.3715691566467285,0.0,False,/content/DoS-Stress-Testing/runs/demo-20260911-180828-5190b1-flood-off/gateway_samples.jsonl
OFF,1789150129.0859964,0.6212513446807861,0.0,False,/content/DoS-Stress-Testing/runs/demo-20260911-180828-5190b1-flood-off/gateway_samples.jsonl
OFF,1789150129.3360329,0.8712878227233887,0.0,False,/content/DoS-Stress-Testing/runs/demo-20260911-180828-5190b1-flood-off/gateway_samples.jsonl
OFF,1789150129.586483,1.1217379570007324,0.0,False,/content/DoS-Stress-Testing/runs/demo-20260911-180828-5190b1-flood-off/gateway_samples.jsonl
OFF,1789150129.8374174,1.3726723194122314,0.0,False,/content/DoS-Stress-Testing/runs/demo-20260911-180828-5190b1-flood-off/gateway_samples.jsonl
OFF,1789150130.0877578,1.6230127811431885,0.0,False,/content/DoS-Stress-Testing/runs/demo-20260911-180828-5190b1-flood-off/gateway_samples.jsonl
OFF,1789150130.3385303,1.8737852573394775,0.0,False,/content/DoS-Stress-Testing/runs/demo-20260911-180828-5190b1-flood-off/gateway_samples.jsonl
OFF,1789150130.58922,2.1244750022888184,0.0,False,/content/DoS-Stress-Testing/runs/demo-20260911-180828-5190b1-flood-off/gateway_samples.jsonl
OFF,1789150130.8387203,2.3739752769470215,0.0,False,/content/DoS-Stress-Testing/runs/demo-20260911-180828-5190b1-flood-off/gateway_samples.jsonl
OFF,1789150131.0888772,2.6241321563720703,0.0,False,/content/DoS-Stress-Testing/runs/demo-20260911-180828-5190b1-flood-off/gateway_samples.jsonl
OFF,1789150131.3389242,2.8741791248321533,0.0,False,/content/DoS-Stress-Testing/runs/demo-20260911-180828-5190b1-flood-off/gateway_samples.jsonl
OFF,1789150131.5894036,3.1246585845947266,0.0,False,/content/DoS-Stress-Testing/runs/demo-20260911-180828-5190b1-flood-off/gateway_samples.jsonl
OFF,1789150131.8402636,3.375518560409546,0.0,False,/content/DoS-Stress-Testing/runs/demo-20260911-180828-5190b1-flood-off/gateway_samples.jsonl
OFF,1789150132.0905416,3.6257965564727783,0.0,False,/content/DoS-Stress-Testing/runs/demo-20260911-180828-5190b1-flood-off/gateway_samples.jsonl
OFF,1789150132.341499,3.87675404548645,0.0,False,/content/DoS-Stress-Testing/runs/demo-20260911-180828-5190b1-flood-off/gateway_samples.jsonl
OFF,1789150132.5925949,4.127849817276001,0.0,False,/content/DoS-Stress-Testing/runs/demo-20260911-180828-5190b1-flood-off/gateway_samples.jsonl
OFF,1789150132.8431451,4.378400087356567,0.0,False,/content/DoS-Stress-Testing/runs/demo-20260911-180828-5190b1-flood-off/gateway_samples.jsonl
OFF,1789150133.0928082,4.628063201904297,0.0,False,/content/DoS-Stress-Testing/runs/demo-20260911-180828-5190b1-flood-off/gateway_samples.jsonl
OFF,1789150133.3428357,4.8780906200408936,0.0,False,/content/DoS-Stress-Testing/runs/demo-20260911-180828-5190b1-flood-off/gateway_samples.jsonl
OFF,1789150133.5930996,5.128354549407959,0.0,False,/content/DoS-Stress-Testing/runs/demo-20260911-180828-5190b1-flood-off/gateway_samples.jsonl
OFF,1789150133.8428135,5.378068447113037,0.0,False,/content/DoS-Stress-Testing/runs/demo-20260911-180828-5190b1-flood-off/gateway_samples.jsonl
OFF,1789150134.093187,5.628442049026489,0.0,False,/content/DoS-Stress-Testing/runs/demo-20260911-180828-5190b1-flood-off/gateway_samples.jsonl
OFF,1789150134.3417885,5.8770434856414795,0.0,False,/content/DoS-Stress-Testing/runs/demo-20260911-180828-5190b1-flood-off/gateway_samples.jsonl
OFF,1789150134.592393,6.127647876739502,0.0,False,/content/DoS-Stress-Testing/runs/demo-20260911-180828-5190b1-flood-off/gateway_samples.jsonl
OFF,1789150134.8428543,6.3781092166900635,0.0,False,/content/DoS-Stress-Testing/runs/demo-20260911-180828-5190b1-flood-off/gateway_samples.jsonl
OFF,1789150135.0931082,6.628363132476807,0.0,False,/content/DoS-Stress-Testing/runs/demo-20260911-180828-5190b1-flood-off/gateway_samples.jsonl
OFF,1789150135.3432658,6.878520727157593,0.0,False,/content/DoS-Stress-Testing/runs/demo-20260911-180828-5190b1-flood-off/gateway_samples.jsonl
OFF,1789150135.5922022,7.127457141876221,0.0,False,/content/DoS-Stress-Testing/runs/demo-20260911-180828-5190b1-flood-off/gateway_samples.jsonl
OFF,1789150135.8425906,7.377845525741577,0.0,False,/content/DoS-Stress-Testing/runs/demo-20260911-180828-5190b1-flood-off/gateway_samples.jsonl
OFF,1789150136.0933146,7.628569602966309,0.0,False,/content/DoS-Stress-Testing/runs/demo-20260911-180828-5190b1-flood-off/gateway_samples.jsonl
OFF,1789150136.3434541,7.878709077835083,0.0,False,/content/DoS-Stress-Testing/runs/demo-20260911-180828-5190b1-flood-off/gateway_samples.jsonl
OFF,1789150136.5940464,8.129301309585571,0.0,False,/content/DoS-Stress-Testing/runs/demo-20260911-180828-5190b1-flood-off/gateway_samples.jsonl
OFF,1789150136.8440835,8.379338502883911,0.0,False,/content/DoS-Stress-Testing/runs/demo-20260911-180828-5190b1-flood-off/gateway_samples.jsonl
OFF,1789150137.094702,8.6299569606781,0.0,False,/content/DoS-Stress-Testing/runs/demo-20260911-180828-5190b1-flood-off/gateway_samples.jsonl
OFF,1789150137.3449724,8.880227327346802,0.0,False,/content/DoS-Stress-Testing/runs/demo-20260911-180828-5190b1-flood-off/gateway_samples.jsonl
OFF,1789150137.5959058,9.131160736083984,0.0,False,/content/DoS-Stress-Testing/runs/demo-20260911-180828-5190b1-flood-off/gateway_samples.jsonl
OFF,1789150137.846473,9.381727933883667,0.0,False,/content/DoS-Stress-Testing/runs/demo-20260911-180828-5190b1-flood-off/gateway_samples.jsonl
OFF,1789150138.0971816,9.632436513900757,0.0,False,/content/DoS-Stress-Testing/runs/demo-20260911-180828-5190b1-flood-off/gateway_samples.jsonl
OFF,1789150138.347379,9.882633924484253,0.0,False,/content/DoS-Stress-Testing/runs/demo-20260911-180828-5190b1-flood-off/gateway_samples.jsonl
OFF,1789150138.5966814,10.131936311721802,0.0,False,/content/DoS-Stress-Testing/runs/demo-20260911-180828-5190b1-flood-off/gateway_samples.jsonl
OFF,1789150138.847233,10.382488012313843,12.0,False,/content/DoS-Stress-Testing/runs/demo-20260911-180828-5190b1-flood-off/gateway_samples.jsonl
OFF,1789150139.097712,10.632966995239258,12.0,False,/content/DoS-Stress-Testing/runs/demo-20260911-180828-5190b1-flood-off/gateway_samples.jsonl
OFF,1789150139.348049,10.883303880691528,13.0,False,/content/DoS-Stress-Testing/runs/demo-20260911-180828-5190b1-flood-off/gateway_samples.jsonl
OFF,1789150139.5978742,11.133129119873047,15.0,False,/content/DoS-Stress-Testing/runs/demo-20260911-180828-5190b1-flood-off/gateway_samples.jsonl
OFF,1789150139.8480144,11.383269309997559,16.0,False,/content/DoS-Stress-Testing/runs/demo-20260911-180828-5190b1-flood-off/gateway_samples.jsonl
OFF,1789150140.098496,11.633750915527344,23.0,False,/content/DoS-Stress-Testing/runs/demo-20260911-180828-5190b1-flood-off/gateway_samples.jsonl
OFF,1789150140.349554,11.884809017181396,24.0,False,/content/DoS-Stress-Testing/runs/demo-20260911-180828-5190b1-flood-off/gateway_samples.jsonl
OFF,1789150140.6005847,12.135839700698853,24.0,False,/content/DoS-Stress-Testing/runs/demo-20260911-180828-5190b1-flood-off/gateway_samples.jsonl
OFF,1789150140.8516755,12.386930465698242,18.0,False,/content/DoS-Stress-Testing/runs/demo-20260911-180828-5190b1-flood-off/gateway_samples.jsonl
OFF,1789150141.1027205,12.637975454330444,21.0,False,/content/DoS-Stress-Testing/runs/demo-20260911-180828-5190b1-flood-off/gateway_samples.jsonl
OFF,1789150141.353433,12.8886878490448,21.0,False,/content/DoS-Stress-Testing/runs/demo-20260911-180828-5190b1-flood-off/gateway_samples.jsonl
OFF,1789150141.6045737,13.1398286819458,21.0,False,/content/DoS-Stress-Testing/runs/demo-20260911-180828-5190b1-flood-off/gateway_samples.jsonl
OFF,1789150141.8556383,13.39089322090149,20.0,False,/content/DoS-Stress-Testing/runs/demo-20260911-180828-5190b1-flood-off/gateway_samples.jsonl
OFF,1789150142.1064773,13.641732215881348,21.0,False,/content/DoS-Stress-Testing/runs/demo-20260911-180828-5190b1-flood-off/gateway_samples.jsonl
OFF,1789150142.3567865,13.892041444778442,23.0,False,/content/DoS-Stress-Testing/runs/demo-20260911-180828-5190b1-flood-off/gateway_samples.jsonl
OFF,1789150142.6073587,14.142613649368286,20.0,False,/content/DoS-Stress-Testing/runs/demo-20260911-180828-5190b1-flood-off/gateway_samples.jsonl
OFF,1789150142.8595922,14.39484715461731,21.0,False,/content/DoS-Stress-Testing/runs/demo-20260911-180828-5190b1-flood-off/gateway_samples.jsonl
OFF,1789150143.1098528,14.645107746124268,23.0,False,/content/DoS-Stress-Testing/runs/demo-20260911-180828-5190b1-flood-off/gateway_samples.jsonl
OFF,1789150143.3606029,14.895857810974121,23.0,False,/content/DoS-Stress-Testing/runs/demo-20260911-180828-5190b1-flood-off/gateway_samples.jsonl
OFF,1789150143.6109686,15.146223545074463,23.0,False,/content/DoS-Stress-Testing/runs/demo-20260911-180828-5190b1-flood-off/gateway_samples.jsonl
OFF,1789150143.8625731,15.397828102111816,22.0,False,/content/DoS-Stress-Testing/runs/demo-20260911-180828-5190b1-flood-off/gateway_samples.jsonl
OFF,1789150144.113118,15.648372888565063,23.0,False,/content/DoS-Stress-Testing/runs/demo-20260911-180828-5190b1-flood-off/gateway_samples.jsonl
OFF,1789150144.3635986,15.898853540420532,24.0,False,/content/DoS-Stress-Testing/runs/demo-20260911-180828-5190b1-flood-off/gateway_samples.jsonl
OFF,1789150144.6143813,16.149636268615723,23.0,False,/content/DoS-Stress-Testing/runs/demo-20260911-180828-5190b1-flood-off/gateway_samples.jsonl
OFF,1789150144.8642592,16.399514198303223,21.0,False,/content/DoS-Stress-Testing/runs/demo-20260911-180828-5190b1-flood-off/gateway_samples.jsonl
OFF,1789150145.1142986,16.649553537368774,21.0,False,/content/DoS-Stress-Testing/runs/demo-20260911-180828-5190b1-flood-off/gateway_samples.jsonl
OFF,1789150145.3640902,16.89934515953064,21.0,False,/content/DoS-Stress-Testing/runs/demo-20260911-180828-5190b1-flood-off/gateway_samples.jsonl
OFF,1789150145.6149926,17.15024757385254,21.0,False,/content/DoS-Stress-Testing/runs/demo-20260911-180828-5190b1-flood-off/gateway_samples.jsonl
OFF,1789150145.8646648,17.399919748306274,19.0,False,/content/DoS-Stress-Testing/runs/demo-20260911-180828-5190b1-flood-off/gateway_samples.jsonl
OFF,1789150146.1151595,17.65041446685791,20.0,False,/content/DoS-Stress-Testing/runs/demo-20260911-180828-5190b1-flood-off/gateway_samples.jsonl
OFF,1789150146.365011,17.90026593208313,20.0,False,/content/DoS-Stress-Testing/runs/demo-20260911-180828-5190b1-flood-off/gateway_samples.jsonl
OFF,1789150146.6155448,18.15079975128174,22.0,False,/content/DoS-Stress-Testing/runs/demo-20260911-180828-5190b1-flood-off/gateway_samples.jsonl
OFF,1789150146.8664703,18.40172529220581,24.0,False,/content/DoS-Stress-Testing/runs/demo-20260911-180828-5190b1-flood-off/gateway_samples.jsonl
OFF,1789150147.1176064,18.65286135673523,23.0,False,/content/DoS-Stress-Testing/runs/demo-20260911-180828-5190b1-flood-off/gateway_samples.jsonl
OFF,1789150147.367867,18.903121948242188,23.0,False,/content/DoS-Stress-Testing/runs/demo-20260911-180828-5190b1-flood-off/gateway_samples.jsonl
OFF,1789150147.6182253,19.153480291366577,23.0,False,/content/DoS-Stress-Testing/runs/demo-20260911-180828-5190b1-flood-off/gateway_samples.jsonl
OFF,1789150147.868368,19.40362286567688,23.0,False,/content/DoS-Stress-Testing/runs/demo-20260911-180828-5190b1-flood-off/gateway_samples.jsonl
OFF,1789150148.118684,19.65393900871277,21.0,False,/content/DoS-Stress-Testing/runs/demo-20260911-180828-5190b1-flood-off/gateway_samples.jsonl
OFF,1789150148.3690536,19.904308557510376,24.0,False,/content/DoS-Stress-Testing/runs/demo-20260911-180828-5190b1-flood-off/gateway_samples.jsonl
OFF,1789150148.6196704,20.15492534637451,23.0,False,/content/DoS-Stress-Testing/runs/demo-20260911-180828-5190b1-flood-off/gateway_samples.jsonl
OFF,1789150148.8718152,20.40707015991211,23.0,False,/content/DoS-Stress-Testing/runs/demo-20260911-180828-5190b1-flood-off/gateway_samples.jsonl
OFF,1789150149.1218202,20.65707516670227,20.0,False,/content/DoS-Stress-Testing/runs/demo-20260911-180828-5190b1-flood-off/gateway_samples.jsonl
OFF,1789150149.3725753,20.907830238342285,21.0,False,/content/DoS-Stress-Testing/runs/demo-20260911-180828-5190b1-flood-off/gateway_samples.jsonl
OFF,1789150149.622897,21.158151865005493,22.0,False,/content/DoS-Stress-Testing/runs/demo-20260911-180828-5190b1-flood-off/gateway_samples.jsonl
OFF,1789150149.873115,21.40837001800537,22.0,False,/content/DoS-Stress-Testing/runs/demo-20260911-180828-5190b1-flood-off/gateway_samples.jsonl
OFF,1789150150.1237822,21.659037113189697,23.0,False,/content/DoS-Stress-Testing/runs/demo-20260911-180828-5190b1-flood-off/gateway_samples.jsonl
OFF,1789150150.373972,21.909226894378662,22.0,False,/content/DoS-Stress-Testing/runs/demo-20260911-180828-5190b1-flood-off/gateway_samples.jsonl
OFF,1789150150.6255949,22.160849809646606,23.0,False,/content/DoS-Stress-Testing/runs/demo-20260911-180828-5190b1-flood-off/gateway_samples.jsonl
OFF,1789150150.8759873,22.411242246627808,24.0,False,/content/DoS-Stress-Testing/runs/demo-20260911-180828-5190b1-flood-off/gateway_samples.jsonl
OFF,1789150151.1264942,22.661749124526978,24.0,False,/content/DoS-Stress-Testing/runs/demo-20260911-180828-5190b1-flood-off/gateway_samples.jsonl
OFF,1789150151.377173,22.91242790222168,21.0,False,/content/DoS-Stress-Testing/runs/demo-20260911-180828-5190b1-flood-off/gateway_samples.jsonl
OFF,1789150151.6272368,23.16249179840088,21.0,False,/content/DoS-Stress-Testing/runs/demo-20260911-180828-5190b1-flood-off/gateway_samples.jsonl
OFF,1789150151.8769052,23.41216015815735,23.0,False,/content/DoS-Stress-Testing/runs/demo-20260911-180828-5190b1-flood-off/gateway_samples.jsonl
OFF,1789150152.1267412,23.661996126174927,23.0,False,/content/DoS-Stress-Testing/runs/demo-20260911-180828-5190b1-flood-off/gateway_samples.jsonl
OFF,1789150152.3775527,23.91280770301819,22.0,False,/content/DoS-Stress-Testing/runs/demo-20260911-180828-5190b1-flood-off/gateway_samples.jsonl
OFF,1789150152.6278515,24.163106441497803,23.0,False,/content/DoS-Stress-Testing/runs/demo-20260911-180828-5190b1-flood-off/gateway_samples.jsonl
OFF,1789150152.8784218,24.413676738739014,22.0,False,/content/DoS-Stress-Testing/runs/demo-20260911-180828-5190b1-flood-off/gateway_samples.jsonl
OFF,1789150153.1286225,24.663877487182617,23.0,False,/content/DoS-Stress-Testing/runs/demo-20260911-180828-5190b1-flood-off/gateway_samples.jsonl
OFF,1789150153.3786607,24.913915634155273,23.0,False,/content/DoS-Stress-Testing/runs/demo-20260911-180828-5190b1-flood-off/gateway_samples.jsonl
OFF,1789150153.6295683,25.164823293685913,23.0,False,/content/DoS-Stress-Testing/runs/demo-20260911-180828-5190b1-flood-off/gateway_samples.jsonl
OFF,1789150153.880418,25.41567301750183,21.0,False,/content/DoS-Stress-Testing/runs/demo-20260911-180828-5190b1-flood-off/gateway_samples.jsonl
OFF,1789150154.1298432,25.665098190307617,22.0,False,/content/DoS-Stress-Testing/runs/demo-20260911-180828-5190b1-flood-off/gateway_samples.jsonl
OFF,1789150154.3816214,25.916876316070557,21.0,False,/content/DoS-Stress-Testing/runs/demo-20260911-180828-5190b1-flood-off/gateway_samples.jsonl
OFF,1789150154.6317508,26.16700577735901,18.0,False,/content/DoS-Stress-Testing/runs/demo-20260911-180828-5190b1-flood-off/gateway_samples.jsonl
OFF,1789150154.8818378,26.41709280014038,23.0,False,/content/DoS-Stress-Testing/runs/demo-20260911-180828-5190b1-flood-off/gateway_samples.jsonl
OFF,1789150155.1324267,26.66768169403076,22.0,False,/content/DoS-Stress-Testing/runs/demo-20260911-180828-5190b1-flood-off/gateway_samples.jsonl
OFF,1789150155.38168,26.916934967041016,23.0,False,/content/DoS-Stress-Testing/runs/demo-20260911-180828-5190b1-flood-off/gateway_samples.jsonl
OFF,1789150155.6322584,27.167513370513916,22.0,False,/content/DoS-Stress-Testing/runs/demo-20260911-180828-5190b1-flood-off/gateway_samples.jsonl
OFF,1789150155.8835933,27.418848276138306,22.0,False,/content/DoS-Stress-Testing/runs/demo-20260911-180828-5190b1-flood-off/gateway_samples.jsonl
OFF,1789150156.1337755,27.66903042793274,22.0,False,/content/DoS-Stress-Testing/runs/demo-20260911-180828-5190b1-flood-off/gateway_samples.jsonl
OFF,1789150156.3837073,27.918962240219116,23.0,False,/content/DoS-Stress-Testing/runs/demo-20260911-180828-5190b1-flood-off/gateway_samples.jsonl
OFF,1789150156.6341555,28.169410467147827,23.0,False,/content/DoS-Stress-Testing/runs/demo-20260911-180828-5190b1-flood-off/gateway_samples.jsonl
OFF,1789150156.8836827,28.41893768310547,24.0,False,/content/DoS-Stress-Testing/runs/demo-20260911-180828-5190b1-flood-off/gateway_samples.jsonl
OFF,1789150157.1337986,28.669053554534912,23.0,False,/content/DoS-Stress-Testing/runs/demo-20260911-180828-5190b1-flood-off/gateway_samples.jsonl
OFF,1789150157.384656,28.91991090774536,23.0,False,/content/DoS-Stress-Testing/runs/demo-20260911-180828-5190b1-flood-off/gateway_samples.jsonl
OFF,1789150157.63493,29.17018485069275,23.0,False,/content/DoS-Stress-Testing/runs/demo-20260911-180828-5190b1-flood-off/gateway_samples.jsonl
OFF,1789150157.8882458,29.423500776290894,22.0,False,/content/DoS-Stress-Testing/runs/demo-20260911-180828-5190b1-flood-off/gateway_samples.jsonl
OFF,1789150158.13862,29.673874855041504,22.0,False,/content/DoS-Stress-Testing/runs/demo-20260911-180828-5190b1-flood-off/gateway_samples.jsonl
OFF,1789150158.3901527,29.925407648086548,22.0,False,/content/DoS-Stress-Testing/runs/demo-20260911-180828-5190b1-flood-off/gateway_samples.jsonl
OFF,1789150158.6406057,30.17586064338684,22.0,False,/content/DoS-Stress-Testing/runs/demo-20260911-180828-5190b1-flood-off/gateway_samples.jsonl
OFF,1789150158.8907406,30.425995588302612,23.0,False,/content/DoS-Stress-Testing/runs/demo-20260911-180828-5190b1-flood-off/gateway_samples.jsonl
OFF,1789150159.1413076,30.676562547683716,21.0,False,/content/DoS-Stress-Testing/runs/demo-20260911-180828-5190b1-flood-off/gateway_samples.jsonl
OFF,1789150159.3910325,30.926287412643433,23.0,False,/content/DoS-Stress-Testing/runs/demo-20260911-180828-5190b1-flood-off/gateway_samples.jsonl
OFF,1789150159.6416442,31.176899194717407,21.0,False,/content/DoS-Stress-Testing/runs/demo-20260911-180828-5190b1-flood-off/gateway_samples.jsonl
OFF,1789150159.8921773,31.42743229866028,23.0,False,/content/DoS-Stress-Testing/runs/demo-20260911-180828-5190b1-flood-off/gateway_samples.jsonl
OFF,1789150160.1426122,31.67786717414856,24.0,False,/content/DoS-Stress-Testing/runs/demo-20260911-180828-5190b1-flood-off/gateway_samples.jsonl
OFF,1789150160.3936749,31.928929805755615,23.0,False,/content/DoS-Stress-Testing/runs/demo-20260911-180828-5190b1-flood-off/gateway_samples.jsonl
OFF,1789150160.6444452,32.17970013618469,23.0,False,/content/DoS-Stress-Testing/runs/demo-20260911-180828-5190b1-flood-off/gateway_samples.jsonl
OFF,1789150160.894783,32.43003797531128,23.0,False,/content/DoS-Stress-Testing/runs/demo-20260911-180828-5190b1-flood-off/gateway_samples.jsonl
OFF,1789150161.1436703,32.67892527580261,23.0,False,/content/DoS-Stress-Testing/runs/demo-20260911-180828-5190b1-flood-off/gateway_samples.jsonl
OFF,1789150161.3952322,32.93048715591431,21.0,False,/content/DoS-Stress-Testing/runs/demo-20260911-180828-5190b1-flood-off/gateway_samples.jsonl
OFF,1789150161.6452217,33.180476665496826,21.0,False,/content/DoS-Stress-Testing/runs/demo-20260911-180828-5190b1-flood-off/gateway_samples.jsonl
OFF,1789150161.8951645,33.43041944503784,22.0,False,/content/DoS-Stress-Testing/runs/demo-20260911-180828-5190b1-flood-off/gateway_samples.jsonl
OFF,1789150162.146539,33.68179392814636,23.0,False,/content/DoS-Stress-Testing/runs/demo-20260911-180828-5190b1-flood-off/gateway_samples.jsonl
OFF,1789150162.3972495,33.932504415512085,23.0,False,/content/DoS-Stress-Testing/runs/demo-20260911-180828-5190b1-flood-off/gateway_samples.jsonl
OFF,1789150162.646727,34.18198204040527,22.0,False,/content/DoS-Stress-Testing/runs/demo-20260911-180828-5190b1-flood-off/gateway_samples.jsonl
OFF,1789150162.896817,34.432071924209595,21.0,False,/content/DoS-Stress-Testing/runs/demo-20260911-180828-5190b1-flood-off/gateway_samples.jsonl
OFF,1789150163.1476724,34.68292737007141,22.0,False,/content/DoS-Stress-Testing/runs/demo-20260911-180828-5190b1-flood-off/gateway_samples.jsonl
OFF,1789150163.399113,34.93436789512634,20.0,False,/content/DoS-Stress-Testing/runs/demo-20260911-180828-5190b1-flood-off/gateway_samples.jsonl
OFF,1789150163.650378,35.185632944107056,22.0,False,/content/DoS-Stress-Testing/runs/demo-20260911-180828-5190b1-flood-off/gateway_samples.jsonl
OFF,1789150163.8996813,35.43493628501892,22.0,False,/content/DoS-Stress-Testing/runs/demo-20260911-180828-5190b1-flood-off/gateway_samples.jsonl
OFF,1789150164.1507392,35.685994148254395,22.0,False,/content/DoS-Stress-Testing/runs/demo-20260911-180828-5190b1-flood-off/gateway_samples.jsonl
OFF,1789150164.402547,35.93780183792114,23.0,False,/content/DoS-Stress-Testing/runs/demo-20260911-180828-5190b1-flood-off/gateway_samples.jsonl
OFF,1789150164.6533387,36.18859362602234,22.0,False,/content/DoS-Stress-Testing/runs/demo-20260911-180828-5190b1-flood-off/gateway_samples.jsonl
OFF,1789150164.9034653,36.43872022628784,21.0,False,/content/DoS-Stress-Testing/runs/demo-20260911-180828-5190b1-flood-off/gateway_samples.jsonl
OFF,1789150165.1543078,36.68956279754639,22.0,False,/content/DoS-Stress-Testing/runs/demo-20260911-180828-5190b1-flood-off/gateway_samples.jsonl
OFF,1789150165.404608,36.939862966537476,22.0,False,/content/DoS-Stress-Testing/runs/demo-20260911-180828-5190b1-flood-off/gateway_samples.jsonl
OFF,1789150165.6551423,37.19039726257324,22.0,False,/content/DoS-Stress-Testing/runs/demo-20260911-180828-5190b1-flood-off/gateway_samples.jsonl
OFF,1789150165.9047892,37.44004416465759,21.0,False,/content/DoS-Stress-Testing/runs/demo-20260911-180828-5190b1-flood-off/gateway_samples.jsonl
OFF,1789150166.1549022,37.69015717506409,23.0,False,/content/DoS-Stress-Testing/runs/demo-20260911-180828-5190b1-flood-off/gateway_samples.jsonl
OFF,1789150166.4047039,37.939958810806274,23.0,False,/content/DoS-Stress-Testing/runs/demo-20260911-180828-5190b1-flood-off/gateway_samples.jsonl
OFF,1789150166.655684,38.19093894958496,22.0,False,/content/DoS-Stress-Testing/runs/demo-20260911-180828-5190b1-flood-off/gateway_samples.jsonl
OFF,1789150166.9064867,38.441741704940796,22.0,False,/content/DoS-Stress-Testing/runs/demo-20260911-180828-5190b1-flood-off/gateway_samples.jsonl
OFF,1789150167.157549,38.69280385971069,23.0,False,/content/DoS-Stress-Testing/runs/demo-20260911-180828-5190b1-flood-off/gateway_samples.jsonl
OFF,1789150167.4077723,38.94302725791931,21.0,False,/content/DoS-Stress-Testing/runs/demo-20260911-180828-5190b1-flood-off/gateway_samples.jsonl
OFF,1789150167.6581879,39.193442821502686,22.0,False,/content/DoS-Stress-Testing/runs/demo-20260911-180828-5190b1-flood-off/gateway_samples.jsonl
OFF,1789150167.9080458,39.44330072402954,21.0,False,/content/DoS-Stress-Testing/runs/demo-20260911-180828-5190b1-flood-off/gateway_samples.jsonl
OFF,1789150168.1583927,39.693647623062134,24.0,False,/content/DoS-Stress-Testing/runs/demo-20260911-180828-5190b1-flood-off/gateway_samples.jsonl
OFF,1789150168.4083817,39.943636655807495,22.0,False,/content/DoS-Stress-Testing/runs/demo-20260911-180828-5190b1-flood-off/gateway_samples.jsonl
OFF,1789150168.6579947,40.19324970245361,23.0,False,/content/DoS-Stress-Testing/runs/demo-20260911-180828-5190b1-flood-off/gateway_samples.jsonl
OFF,1789150168.907954,40.44320893287659,19.0,False,/content/DoS-Stress-Testing/runs/demo-20260911-180828-5190b1-flood-off/gateway_samples.jsonl
OFF,1789150169.1581438,40.69339871406555,19.0,False,/content/DoS-Stress-Testing/runs/demo-20260911-180828-5190b1-flood-off/gateway_samples.jsonl
OFF,1789150169.407922,40.94317698478699,18.0,False,/content/DoS-Stress-Testing/runs/demo-20260911-180828-5190b1-flood-off/gateway_samples.jsonl
OFF,1789150169.6577306,41.19298553466797,16.0,False,/content/DoS-Stress-Testing/runs/demo-20260911-180828-5190b1-flood-off/gateway_samples.jsonl
OFF,1789150169.90987,41.44512486457825,16.0,False,/content/DoS-Stress-Testing/runs/demo-20260911-180828-5190b1-flood-off/gateway_samples.jsonl
OFF,1789150170.1597135,41.694968461990356,12.0,False,/content/DoS-Stress-Testing/runs/demo-20260911-180828-5190b1-flood-off/gateway_samples.jsonl
OFF,1789150170.4106205,41.94587540626526,12.0,False,/content/DoS-Stress-Testing/runs/demo-20260911-180828-5190b1-flood-off/gateway_samples.jsonl
OFF,1789150170.6611364,42.196391344070435,10.0,False,/content/DoS-Stress-Testing/runs/demo-20260911-180828-5190b1-flood-off/gateway_samples.jsonl
OFF,1789150170.9125717,42.447826623916626,10.0,False,/content/DoS-Stress-Testing/runs/demo-20260911-180828-5190b1-flood-off/gateway_samples.jsonl
OFF,1789150171.1639266,42.69918155670166,7.0,False,/content/DoS-Stress-Testing/runs/demo-20260911-180828-5190b1-flood-off/gateway_samples.jsonl
OFF,1789150171.4141822,42.94943714141846,7.0,False,/content/DoS-Stress-Testing/runs/demo-20260911-180828-5190b1-flood-off/gateway_samples.jsonl
OFF,1789150171.6636827,43.19893765449524,6.0,False,/content/DoS-Stress-Testing/runs/demo-20260911-180828-5190b1-flood-off/gateway_samples.jsonl
OFF,1789150171.9141564,43.449411392211914,5.0,False,/content/DoS-Stress-Testing/runs/demo-20260911-180828-5190b1-flood-off/gateway_samples.jsonl
OFF,1789150172.164435,43.699689865112305,5.0,False,/content/DoS-Stress-Testing/runs/demo-20260911-180828-5190b1-flood-off/gateway_samples.jsonl
OFF,1789150172.4152977,43.95055270195007,0.0,False,/content/DoS-Stress-Testing/runs/demo-20260911-180828-5190b1-flood-off/gateway_samples.jsonl
OFF,1789150172.6653333,44.20058822631836,0.0,False,/content/DoS-Stress-Testing/runs/demo-20260911-180828-5190b1-flood-off/gateway_samples.jsonl
OFF,1789150172.9151883,44.450443267822266,0.0,False,/content/DoS-Stress-Testing/runs/demo-20260911-180828-5190b1-flood-off/gateway_samples.jsonl
OFF,1789150173.1654987,44.700753688812256,0.0,False,/content/DoS-Stress-Testing/runs/demo-20260911-180828-5190b1-flood-off/gateway_samples.jsonl
OFF,1789150173.4159381,44.95119309425354,0.0,False,/content/DoS-Stress-Testing/runs/demo-20260911-180828-5190b1-flood-off/gateway_samples.jsonl
OFF,1789150173.6658516,45.201106548309326,0.0,False,/content/DoS-Stress-Testing/runs/demo-20260911-180828-5190b1-flood-off/gateway_samples.jsonl
OFF,1789150173.9164114,45.45166635513306,0.0,False,/content/DoS-Stress-Testing/runs/demo-20260911-180828-5190b1-flood-off/gateway_samples.jsonl
OFF,1789150174.1665673,45.70182228088379,0.0,False,/content/DoS-Stress-Testing/runs/demo-20260911-180828-5190b1-flood-off/gateway_samples.jsonl
OFF,1789150174.4169574,45.9522123336792,0.0,False,/content/DoS-Stress-Testing/runs/demo-20260911-180828-5190b1-flood-off/gateway_samples.jsonl
OFF,1789150174.6672037,46.20245862007141,0.0,False,/content/DoS-Stress-Testing/runs/demo-20260911-180828-5190b1-flood-off/gateway_samples.jsonl
OFF,1789150174.9169288,46.45218372344971,0.0,False,/content/DoS-Stress-Testing/runs/demo-20260911-180828-5190b1-flood-off/gateway_samples.jsonl
OFF,1789150175.1675673,46.70282220840454,0.0,False,/content/DoS-Stress-Testing/runs/demo-20260911-180828-5190b1-flood-off/gateway_samples.jsonl
OFF,1789150175.4178486,46.95310354232788,0.0,False,/content/DoS-Stress-Testing/runs/demo-20260911-180828-5190b1-flood-off/gateway_samples.jsonl
OFF,1789150175.667874,47.203129053115845,0.0,False,/content/DoS-Stress-Testing/runs/demo-20260911-180828-5190b1-flood-off/gateway_samples.jsonl
OFF,1789150175.9183269,47.45358180999756,0.0,False,/content/DoS-Stress-Testing/runs/demo-20260911-180828-5190b1-flood-off/gateway_samples.jsonl
OFF,1789150176.168677,47.70393204689026,0.0,False,/content/DoS-Stress-Testing/runs/demo-20260911-180828-5190b1-flood-off/gateway_samples.jsonl
OFF,1789150176.4195702,47.95482516288757,0.0,False,/content/DoS-Stress-Testing/runs/demo-20260911-180828-5190b1-flood-off/gateway_samples.jsonl
OFF,1789150176.6699784,48.205233335494995,0.0,False,/content/DoS-Stress-Testing/runs/demo-20260911-180828-5190b1-flood-off/gateway_samples.jsonl
OFF,1789150176.919957,48.455211877822876,0.0,False,/content/DoS-Stress-Testing/runs/demo-20260911-180828-5190b1-flood-off/gateway_samples.jsonl
OFF,1789150177.1698062,48.705061197280884,0.0,False,/content/DoS-Stress-Testing/runs/demo-20260911-180828-5190b1-flood-off/gateway_samples.jsonl
OFF,1789150177.4199727,48.9552276134491,0.0,False,/content/DoS-Stress-Testing/runs/demo-20260911-180828-5190b1-flood-off/gateway_samples.jsonl
OFF,1789150177.6700344,49.205289363861084,0.0,False,/content/DoS-Stress-Testing/runs/demo-20260911-180828-5190b1-flood-off/gateway_samples.jsonl
OFF,1789150177.919905,49.45515990257263,0.0,False,/content/DoS-Stress-Testing/runs/demo-20260911-180828-5190b1-flood-off/gateway_samples.jsonl
OFF,1789150178.1704817,49.70573663711548,0.0,False,/content/DoS-Stress-Testing/runs/demo-20260911-180828-5190b1-flood-off/gateway_samples.jsonl
OFF,1789150178.4216301,49.95688509941101,0.0,False,/content/DoS-Stress-Testing/runs/demo-20260911-180828-5190b1-flood-off/gateway_samples.jsonl
OFF,1789150178.6724718,50.20772671699524,0.0,False,/content/DoS-Stress-Testing/runs/demo-20260911-180828-5190b1-flood-off/gateway_samples.jsonl
OFF,1789150178.923435,50.45868992805481,0.0,False,/content/DoS-Stress-Testing/runs/demo-20260911-180828-5190b1-flood-off/gateway_samples.jsonl
OFF,1789150179.1736953,50.70895028114319,0.0,False,/content/DoS-Stress-Testing/runs/demo-20260911-180828-5190b1-flood-off/gateway_samples.jsonl
OFF,1789150179.423985,50.9592399597168,0.0,False,/content/DoS-Stress-Testing/runs/demo-20260911-180828-5190b1-flood-off/gateway_samples.jsonl
OFF,1789150179.6744952,51.209750175476074,0.0,False,/content/DoS-Stress-Testing/runs/demo-20260911-180828-5190b1-flood-off/gateway_samples.jsonl
OFF,1789150179.924172,51.45942687988281,0.0,False,/content/DoS-Stress-Testing/runs/demo-20260911-180828-5190b1-flood-off/gateway_samples.jsonl
OFF,1789150180.1746557,51.70991063117981,0.0,False,/content/DoS-Stress-Testing/runs/demo-20260911-180828-5190b1-flood-off/gateway_samples.jsonl
OFF,1789150180.4247344,51.95998930931091,0.0,False,/content/DoS-Stress-Testing/runs/demo-20260911-180828-5190b1-flood-off/gateway_samples.jsonl
OFF,1789150180.6750126,52.210267543792725,0.0,False,/content/DoS-Stress-Testing/runs/demo-20260911-180828-5190b1-flood-off/gateway_samples.jsonl
OFF,1789150180.9258971,52.46115207672119,0.0,False,/content/DoS-Stress-Testing/runs/demo-20260911-180828-5190b1-flood-off/gateway_samples.jsonl
OFF,1789150181.1769185,52.71217346191406,0.0,False,/content/DoS-Stress-Testing/runs/demo-20260911-180828-5190b1-flood-off/gateway_samples.jsonl
ON,1789150195.877159,0.15331435203552246,0.0,False,/content/DoS-Stress-Testing/runs/demo-20260911-180828-5190b1-flood-on/gateway_samples.jsonl
ON,1789150196.127122,0.4032771587371826,0.0,False,/content/DoS-Stress-Testing/runs/demo-20260911-180828-5190b1-flood-on/gateway_samples.jsonl
ON,1789150196.377171,0.6533262729644775,0.0,False,/content/DoS-Stress-Testing/runs/demo-20260911-180828-5190b1-flood-on/gateway_samples.jsonl
ON,1789150196.62671,0.9028651714324951,0.0,False,/content/DoS-Stress-Testing/runs/demo-20260911-180828-5190b1-flood-on/gateway_samples.jsonl
ON,1789150196.8767703,1.1529254913330078,0.0,False,/content/DoS-Stress-Testing/runs/demo-20260911-180828-5190b1-flood-on/gateway_samples.jsonl
ON,1789150197.1265783,1.402733564376831,0.0,False,/content/DoS-Stress-Testing/runs/demo-20260911-180828-5190b1-flood-on/gateway_samples.jsonl
ON,1789150197.3777778,1.653933048248291,0.0,False,/content/DoS-Stress-Testing/runs/demo-20260911-180828-5190b1-flood-on/gateway_samples.jsonl
ON,1789150197.627419,1.9035742282867432,0.0,False,/content/DoS-Stress-Testing/runs/demo-20260911-180828-5190b1-flood-on/gateway_samples.jsonl
ON,1789150197.8774002,2.153555393218994,0.0,False,/content/DoS-Stress-Testing/runs/demo-20260911-180828-5190b1-flood-on/gateway_samples.jsonl
ON,1789150198.1281414,2.404296636581421,0.0,False,/content/DoS-Stress-Testing/runs/demo-20260911-180828-5190b1-flood-on/gateway_samples.jsonl
ON,1789150198.3784726,2.654627799987793,0.0,False,/content/DoS-Stress-Testing/runs/demo-20260911-180828-5190b1-flood-on/gateway_samples.jsonl
ON,1789150198.628882,2.9050371646881104,0.0,False,/content/DoS-Stress-Testing/runs/demo-20260911-180828-5190b1-flood-on/gateway_samples.jsonl
ON,1789150198.878454,3.154609203338623,0.0,False,/content/DoS-Stress-Testing/runs/demo-20260911-180828-5190b1-flood-on/gateway_samples.jsonl
ON,1789150199.129563,3.4057183265686035,0.0,False,/content/DoS-Stress-Testing/runs/demo-20260911-180828-5190b1-flood-on/gateway_samples.jsonl
ON,1789150199.3802893,3.656444549560547,0.0,False,/content/DoS-Stress-Testing/runs/demo-20260911-180828-5190b1-flood-on/gateway_samples.jsonl
ON,1789150199.6303406,3.9064958095550537,0.0,False,/content/DoS-Stress-Testing/runs/demo-20260911-180828-5190b1-flood-on/gateway_samples.jsonl
ON,1789150199.8807867,4.156941890716553,0.0,False,/content/DoS-Stress-Testing/runs/demo-20260911-180828-5190b1-flood-on/gateway_samples.jsonl
ON,1789150200.1308842,4.407039403915405,0.0,False,/content/DoS-Stress-Testing/runs/demo-20260911-180828-5190b1-flood-on/gateway_samples.jsonl
ON,1789150200.3801877,4.65634298324585,0.0,False,/content/DoS-Stress-Testing/runs/demo-20260911-180828-5190b1-flood-on/gateway_samples.jsonl
ON,1789150200.6314983,4.907653570175171,0.0,False,/content/DoS-Stress-Testing/runs/demo-20260911-180828-5190b1-flood-on/gateway_samples.jsonl
ON,1789150200.8822017,5.1583569049835205,0.0,False,/content/DoS-Stress-Testing/runs/demo-20260911-180828-5190b1-flood-on/gateway_samples.jsonl
ON,1789150201.1311898,5.4073450565338135,0.0,False,/content/DoS-Stress-Testing/runs/demo-20260911-180828-5190b1-flood-on/gateway_samples.jsonl
ON,1789150201.381552,5.657707214355469,0.0,False,/content/DoS-Stress-Testing/runs/demo-20260911-180828-5190b1-flood-on/gateway_samples.jsonl
ON,1789150201.6325784,5.908733606338501,0.0,False,/content/DoS-Stress-Testing/runs/demo-20260911-180828-5190b1-flood-on/gateway_samples.jsonl
ON,1789150201.883302,6.159457206726074,0.0,False,/content/DoS-Stress-Testing/runs/demo-20260911-180828-5190b1-flood-on/gateway_samples.jsonl
ON,1789150202.1341739,6.410329103469849,0.0,False,/content/DoS-Stress-Testing/runs/demo-20260911-180828-5190b1-flood-on/gateway_samples.jsonl
ON,1789150202.38423,6.6603851318359375,0.0,False,/content/DoS-Stress-Testing/runs/demo-20260911-180828-5190b1-flood-on/gateway_samples.jsonl
ON,1789150202.6344228,6.910578012466431,0.0,False,/content/DoS-Stress-Testing/runs/demo-20260911-180828-5190b1-flood-on/gateway_samples.jsonl
ON,1789150202.8850513,7.161206483840942,0.0,False,/content/DoS-Stress-Testing/runs/demo-20260911-180828-5190b1-flood-on/gateway_samples.jsonl
ON,1789150203.135273,7.411428213119507,0.0,False,/content/DoS-Stress-Testing/runs/demo-20260911-180828-5190b1-flood-on/gateway_samples.jsonl
ON,1789150203.3851886,7.661343812942505,0.0,False,/content/DoS-Stress-Testing/runs/demo-20260911-180828-5190b1-flood-on/gateway_samples.jsonl
ON,1789150203.6351726,7.911327838897705,0.0,False,/content/DoS-Stress-Testing/runs/demo-20260911-180828-5190b1-flood-on/gateway_samples.jsonl
ON,1789150203.8853014,8.16145658493042,0.0,False,/content/DoS-Stress-Testing/runs/demo-20260911-180828-5190b1-flood-on/gateway_samples.jsonl
ON,1789150204.1350486,8.411203861236572,0.0,False,/content/DoS-Stress-Testing/runs/demo-20260911-180828-5190b1-flood-on/gateway_samples.jsonl
ON,1789150204.384734,8.660889148712158,0.0,False,/content/DoS-Stress-Testing/runs/demo-20260911-180828-5190b1-flood-on/gateway_samples.jsonl
ON,1789150204.635564,8.91171932220459,0.0,False,/content/DoS-Stress-Testing/runs/demo-20260911-180828-5190b1-flood-on/gateway_samples.jsonl
ON,1789150204.885724,9.161879301071167,0.0,False,/content/DoS-Stress-Testing/runs/demo-20260911-180828-5190b1-flood-on/gateway_samples.jsonl
ON,1789150205.1358488,9.412003993988037,0.0,False,/content/DoS-Stress-Testing/runs/demo-20260911-180828-5190b1-flood-on/gateway_samples.jsonl
ON,1789150205.386404,9.662559270858765,0.0,False,/content/DoS-Stress-Testing/runs/demo-20260911-180828-5190b1-flood-on/gateway_samples.jsonl
ON,1789150205.6363668,9.912522077560425,0.0,False,/content/DoS-Stress-Testing/runs/demo-20260911-180828-5190b1-flood-on/gateway_samples.jsonl
ON,1789150205.8857112,10.161866426467896,0.0,False,/content/DoS-Stress-Testing/runs/demo-20260911-180828-5190b1-flood-on/gateway_samples.jsonl
ON,1789150206.1357634,10.411918640136719,0.0,False,/content/DoS-Stress-Testing/runs/demo-20260911-180828-5190b1-flood-on/gateway_samples.jsonl
ON,1789150206.3864613,10.662616491317749,0.0,False,/content/DoS-Stress-Testing/runs/demo-20260911-180828-5190b1-flood-on/gateway_samples.jsonl
ON,1789150206.6370313,10.91318655014038,0.0,False,/content/DoS-Stress-Testing/runs/demo-20260911-180828-5190b1-flood-on/gateway_samples.jsonl
ON,1789150206.887297,11.1634521484375,0.0,False,/content/DoS-Stress-Testing/runs/demo-20260911-180828-5190b1-flood-on/gateway_samples.jsonl
ON,1789150207.1370811,11.413236379623413,0.0,False,/content/DoS-Stress-Testing/runs/demo-20260911-180828-5190b1-flood-on/gateway_samples.jsonl
ON,1789150207.3881757,11.664330959320068,0.0,False,/content/DoS-Stress-Testing/runs/demo-20260911-180828-5190b1-flood-on/gateway_samples.jsonl
ON,1789150207.6385772,11.914732456207275,0.0,False,/content/DoS-Stress-Testing/runs/demo-20260911-180828-5190b1-flood-on/gateway_samples.jsonl
ON,1789150207.8887727,12.164927959442139,0.0,False,/content/DoS-Stress-Testing/runs/demo-20260911-180828-5190b1-flood-on/gateway_samples.jsonl
ON,1789150208.1390352,12.41519045829773,0.0,False,/content/DoS-Stress-Testing/runs/demo-20260911-180828-5190b1-flood-on/gateway_samples.jsonl
ON,1789150208.3896074,12.665762662887573,0.0,False,/content/DoS-Stress-Testing/runs/demo-20260911-180828-5190b1-flood-on/gateway_samples.jsonl
ON,1789150208.6405668,12.916722059249878,0.0,False,/content/DoS-Stress-Testing/runs/demo-20260911-180828-5190b1-flood-on/gateway_samples.jsonl
ON,1789150208.9123628,13.188518047332764,0.0,False,/content/DoS-Stress-Testing/runs/demo-20260911-180828-5190b1-flood-on/gateway_samples.jsonl
ON,1789150209.1637728,13.43992805480957,0.0,False,/content/DoS-Stress-Testing/runs/demo-20260911-180828-5190b1-flood-on/gateway_samples.jsonl
ON,1789150209.4143586,13.690513849258423,0.0,False,/content/DoS-Stress-Testing/runs/demo-20260911-180828-5190b1-flood-on/gateway_samples.jsonl
ON,1789150209.663901,13.940056324005127,0.0,False,/content/DoS-Stress-Testing/runs/demo-20260911-180828-5190b1-flood-on/gateway_samples.jsonl
ON,1789150209.9187953,14.194950580596924,0.0,False,/content/DoS-Stress-Testing/runs/demo-20260911-180828-5190b1-flood-on/gateway_samples.jsonl
ON,1789150210.169349,14.445504188537598,0.0,False,/content/DoS-Stress-Testing/runs/demo-20260911-180828-5190b1-flood-on/gateway_samples.jsonl
ON,1789150210.418829,14.694984197616577,0.0,False,/content/DoS-Stress-Testing/runs/demo-20260911-180828-5190b1-flood-on/gateway_samples.jsonl
ON,1789150210.6693869,14.945542097091675,0.0,False,/content/DoS-Stress-Testing/runs/demo-20260911-180828-5190b1-flood-on/gateway_samples.jsonl
ON,1789150210.921576,15.197731256484985,0.0,False,/content/DoS-Stress-Testing/runs/demo-20260911-180828-5190b1-flood-on/gateway_samples.jsonl
ON,1789150211.1725678,15.448723077774048,0.0,False,/content/DoS-Stress-Testing/runs/demo-20260911-180828-5190b1-flood-on/gateway_samples.jsonl
ON,1789150211.4238925,15.700047731399536,0.0,False,/content/DoS-Stress-Testing/runs/demo-20260911-180828-5190b1-flood-on/gateway_samples.jsonl
ON,1789150211.6745903,15.950745582580566,0.0,False,/content/DoS-Stress-Testing/runs/demo-20260911-180828-5190b1-flood-on/gateway_samples.jsonl
ON,1789150211.925568,16.201723337173462,0.0,False,/content/DoS-Stress-Testing/runs/demo-20260911-180828-5190b1-flood-on/gateway_samples.jsonl
ON,1789150212.176362,16.45251727104187,0.0,False,/content/DoS-Stress-Testing/runs/demo-20260911-180828-5190b1-flood-on/gateway_samples.jsonl
ON,1789150212.4257984,16.701953649520874,0.0,False,/content/DoS-Stress-Testing/runs/demo-20260911-180828-5190b1-flood-on/gateway_samples.jsonl
ON,1789150212.6759293,16.9520845413208,0.0,False,/content/DoS-Stress-Testing/runs/demo-20260911-180828-5190b1-flood-on/gateway_samples.jsonl
ON,1789150212.9256842,17.201839447021484,0.0,False,/content/DoS-Stress-Testing/runs/demo-20260911-180828-5190b1-flood-on/gateway_samples.jsonl
ON,1789150213.1783032,17.454458475112915,0.0,False,/content/DoS-Stress-Testing/runs/demo-20260911-180828-5190b1-flood-on/gateway_samples.jsonl
ON,1789150213.427942,17.704097270965576,0.0,False,/content/DoS-Stress-Testing/runs/demo-20260911-180828-5190b1-flood-on/gateway_samples.jsonl
ON,1789150213.6783495,17.95450472831726,0.0,False,/content/DoS-Stress-Testing/runs/demo-20260911-180828-5190b1-flood-on/gateway_samples.jsonl
ON,1789150213.9282684,18.204423666000366,0.0,False,/content/DoS-Stress-Testing/runs/demo-20260911-180828-5190b1-flood-on/gateway_samples.jsonl
ON,1789150214.1777909,18.453946113586426,0.0,False,/content/DoS-Stress-Testing/runs/demo-20260911-180828-5190b1-flood-on/gateway_samples.jsonl
ON,1789150214.427889,18.704044342041016,0.0,False,/content/DoS-Stress-Testing/runs/demo-20260911-180828-5190b1-flood-on/gateway_samples.jsonl
ON,1789150214.678633,18.954788208007812,0.0,False,/content/DoS-Stress-Testing/runs/demo-20260911-180828-5190b1-flood-on/gateway_samples.jsonl
ON,1789150214.9286413,19.20479655265808,0.0,False,/content/DoS-Stress-Testing/runs/demo-20260911-180828-5190b1-flood-on/gateway_samples.jsonl
ON,1789150215.1789064,19.455061674118042,0.0,False,/content/DoS-Stress-Testing/runs/demo-20260911-180828-5190b1-flood-on/gateway_samples.jsonl
ON,1789150215.4295385,19.70569372177124,0.0,False,/content/DoS-Stress-Testing/runs/demo-20260911-180828-5190b1-flood-on/gateway_samples.jsonl
ON,1789150215.6796873,19.9558424949646,0.0,False,/content/DoS-Stress-Testing/runs/demo-20260911-180828-5190b1-flood-on/gateway_samples.jsonl
ON,1789150215.9303925,20.206547737121582,0.0,False,/content/DoS-Stress-Testing/runs/demo-20260911-180828-5190b1-flood-on/gateway_samples.jsonl
ON,1789150216.1806655,20.456820726394653,0.0,False,/content/DoS-Stress-Testing/runs/demo-20260911-180828-5190b1-flood-on/gateway_samples.jsonl
ON,1789150216.4310765,20.707231760025024,0.0,False,/content/DoS-Stress-Testing/runs/demo-20260911-180828-5190b1-flood-on/gateway_samples.jsonl
ON,1789150216.6810825,20.957237720489502,0.0,False,/content/DoS-Stress-Testing/runs/demo-20260911-180828-5190b1-flood-on/gateway_samples.jsonl
ON,1789150216.930804,21.20695924758911,0.0,False,/content/DoS-Stress-Testing/runs/demo-20260911-180828-5190b1-flood-on/gateway_samples.jsonl
ON,1789150217.1827102,21.45886540412903,0.0,False,/content/DoS-Stress-Testing/runs/demo-20260911-180828-5190b1-flood-on/gateway_samples.jsonl
ON,1789150217.433353,21.709508180618286,0.0,False,/content/DoS-Stress-Testing/runs/demo-20260911-180828-5190b1-flood-on/gateway_samples.jsonl
ON,1789150217.6843605,21.96051573753357,0.0,False,/content/DoS-Stress-Testing/runs/demo-20260911-180828-5190b1-flood-on/gateway_samples.jsonl
ON,1789150217.9340575,22.21021270751953,0.0,False,/content/DoS-Stress-Testing/runs/demo-20260911-180828-5190b1-flood-on/gateway_samples.jsonl
ON,1789150218.1843264,22.460481643676758,0.0,False,/content/DoS-Stress-Testing/runs/demo-20260911-180828-5190b1-flood-on/gateway_samples.jsonl
ON,1789150218.4347472,22.710902452468872,0.0,False,/content/DoS-Stress-Testing/runs/demo-20260911-180828-5190b1-flood-on/gateway_samples.jsonl
ON,1789150218.6847372,22.96089243888855,0.0,False,/content/DoS-Stress-Testing/runs/demo-20260911-180828-5190b1-flood-on/gateway_samples.jsonl
ON,1789150218.9353545,23.211509704589844,0.0,False,/content/DoS-Stress-Testing/runs/demo-20260911-180828-5190b1-flood-on/gateway_samples.jsonl
ON,1789150219.185659,23.461814165115356,0.0,False,/content/DoS-Stress-Testing/runs/demo-20260911-180828-5190b1-flood-on/gateway_samples.jsonl
ON,1789150219.4359627,23.712117910385132,0.0,False,/content/DoS-Stress-Testing/runs/demo-20260911-180828-5190b1-flood-on/gateway_samples.jsonl
ON,1789150219.6856852,23.961840391159058,0.0,False,/content/DoS-Stress-Testing/runs/demo-20260911-180828-5190b1-flood-on/gateway_samples.jsonl
ON,1789150219.9362931,24.212448358535767,0.0,False,/content/DoS-Stress-Testing/runs/demo-20260911-180828-5190b1-flood-on/gateway_samples.jsonl
ON,1789150220.1856582,24.46181344985962,0.0,False,/content/DoS-Stress-Testing/runs/demo-20260911-180828-5190b1-flood-on/gateway_samples.jsonl
ON,1789150220.4361866,24.712341785430908,0.0,False,/content/DoS-Stress-Testing/runs/demo-20260911-180828-5190b1-flood-on/gateway_samples.jsonl
ON,1789150220.6923654,24.968520641326904,0.0,False,/content/DoS-Stress-Testing/runs/demo-20260911-180828-5190b1-flood-on/gateway_samples.jsonl
ON,1789150220.9453325,25.221487760543823,0.0,False,/content/DoS-Stress-Testing/runs/demo-20260911-180828-5190b1-flood-on/gateway_samples.jsonl
ON,1789150221.1972883,25.473443508148193,0.0,False,/content/DoS-Stress-Testing/runs/demo-20260911-180828-5190b1-flood-on/gateway_samples.jsonl
ON,1789150221.447557,25.72371220588684,0.0,False,/content/DoS-Stress-Testing/runs/demo-20260911-180828-5190b1-flood-on/gateway_samples.jsonl
ON,1789150221.6985474,25.97470259666443,0.0,False,/content/DoS-Stress-Testing/runs/demo-20260911-180828-5190b1-flood-on/gateway_samples.jsonl
ON,1789150221.954224,26.230379343032837,0.0,False,/content/DoS-Stress-Testing/runs/demo-20260911-180828-5190b1-flood-on/gateway_samples.jsonl
ON,1789150222.2040613,26.48021650314331,0.0,False,/content/DoS-Stress-Testing/runs/demo-20260911-180828-5190b1-flood-on/gateway_samples.jsonl
ON,1789150222.4544716,26.730626821517944,0.0,False,/content/DoS-Stress-Testing/runs/demo-20260911-180828-5190b1-flood-on/gateway_samples.jsonl
ON,1789150222.7079682,26.984123468399048,0.0,False,/content/DoS-Stress-Testing/runs/demo-20260911-180828-5190b1-flood-on/gateway_samples.jsonl
ON,1789150222.958034,27.23418927192688,0.0,False,/content/DoS-Stress-Testing/runs/demo-20260911-180828-5190b1-flood-on/gateway_samples.jsonl
ON,1789150223.20862,27.48477530479431,0.0,False,/content/DoS-Stress-Testing/runs/demo-20260911-180828-5190b1-flood-on/gateway_samples.jsonl
ON,1789150223.4631424,27.73929762840271,0.0,False,/content/DoS-Stress-Testing/runs/demo-20260911-180828-5190b1-flood-on/gateway_samples.jsonl
ON,1789150223.712651,27.98880624771118,0.0,False,/content/DoS-Stress-Testing/runs/demo-20260911-180828-5190b1-flood-on/gateway_samples.jsonl
ON,1789150223.963359,28.239514350891113,0.0,False,/content/DoS-Stress-Testing/runs/demo-20260911-180828-5190b1-flood-on/gateway_samples.jsonl
ON,1789150224.2129586,28.489113807678223,0.0,False,/content/DoS-Stress-Testing/runs/demo-20260911-180828-5190b1-flood-on/gateway_samples.jsonl
ON,1789150224.464575,28.74073028564453,0.0,False,/content/DoS-Stress-Testing/runs/demo-20260911-180828-5190b1-flood-on/gateway_samples.jsonl
ON,1789150224.7153506,28.99150586128235,0.0,False,/content/DoS-Stress-Testing/runs/demo-20260911-180828-5190b1-flood-on/gateway_samples.jsonl
ON,1789150224.966098,29.242253303527832,0.0,False,/content/DoS-Stress-Testing/runs/demo-20260911-180828-5190b1-flood-on/gateway_samples.jsonl
ON,1789150225.2165504,29.492705583572388,0.0,False,/content/DoS-Stress-Testing/runs/demo-20260911-180828-5190b1-flood-on/gateway_samples.jsonl
ON,1789150225.4666336,29.742788791656494,0.0,False,/content/DoS-Stress-Testing/runs/demo-20260911-180828-5190b1-flood-on/gateway_samples.jsonl
ON,1789150225.7170966,29.99325180053711,0.0,False,/content/DoS-Stress-Testing/runs/demo-20260911-180828-5190b1-flood-on/gateway_samples.jsonl
ON,1789150225.9673975,30.243552684783936,0.0,False,/content/DoS-Stress-Testing/runs/demo-20260911-180828-5190b1-flood-on/gateway_samples.jsonl
ON,1789150226.2174637,30.493618965148926,0.0,False,/content/DoS-Stress-Testing/runs/demo-20260911-180828-5190b1-flood-on/gateway_samples.jsonl
ON,1789150226.4702466,30.7464017868042,0.0,False,/content/DoS-Stress-Testing/runs/demo-20260911-180828-5190b1-flood-on/gateway_samples.jsonl
ON,1789150226.722024,30.9981791973114,0.0,False,/content/DoS-Stress-Testing/runs/demo-20260911-180828-5190b1-flood-on/gateway_samples.jsonl
ON,1789150226.9724367,31.248591899871826,0.0,False,/content/DoS-Stress-Testing/runs/demo-20260911-180828-5190b1-flood-on/gateway_samples.jsonl
ON,1789150227.2232323,31.499387502670288,0.0,False,/content/DoS-Stress-Testing/runs/demo-20260911-180828-5190b1-flood-on/gateway_samples.jsonl
ON,1789150227.472807,31.74896216392517,0.0,False,/content/DoS-Stress-Testing/runs/demo-20260911-180828-5190b1-flood-on/gateway_samples.jsonl
ON,1789150227.723052,31.999207258224487,0.0,False,/content/DoS-Stress-Testing/runs/demo-20260911-180828-5190b1-flood-on/gateway_samples.jsonl
ON,1789150227.97283,32.248985290527344,0.0,False,/content/DoS-Stress-Testing/runs/demo-20260911-180828-5190b1-flood-on/gateway_samples.jsonl
ON,1789150228.222819,32.498974323272705,0.0,False,/content/DoS-Stress-Testing/runs/demo-20260911-180828-5190b1-flood-on/gateway_samples.jsonl
ON,1789150228.4730914,32.74924659729004,0.0,False,/content/DoS-Stress-Testing/runs/demo-20260911-180828-5190b1-flood-on/gateway_samples.jsonl
ON,1789150228.723842,32.99999713897705,0.0,False,/content/DoS-Stress-Testing/runs/demo-20260911-180828-5190b1-flood-on/gateway_samples.jsonl
ON,1789150228.9740782,33.25023341178894,0.0,False,/content/DoS-Stress-Testing/runs/demo-20260911-180828-5190b1-flood-on/gateway_samples.jsonl
ON,1789150229.2245412,33.500696420669556,0.0,False,/content/DoS-Stress-Testing/runs/demo-20260911-180828-5190b1-flood-on/gateway_samples.jsonl
ON,1789150229.474904,33.75105929374695,0.0,False,/content/DoS-Stress-Testing/runs/demo-20260911-180828-5190b1-flood-on/gateway_samples.jsonl
ON,1789150229.724899,34.00105428695679,0.0,False,/content/DoS-Stress-Testing/runs/demo-20260911-180828-5190b1-flood-on/gateway_samples.jsonl
ON,1789150229.9749584,34.25111365318298,0.0,False,/content/DoS-Stress-Testing/runs/demo-20260911-180828-5190b1-flood-on/gateway_samples.jsonl
ON,1789150230.2253237,34.50147891044617,0.0,False,/content/DoS-Stress-Testing/runs/demo-20260911-180828-5190b1-flood-on/gateway_samples.jsonl
ON,1789150230.4751277,34.751282930374146,0.0,False,/content/DoS-Stress-Testing/runs/demo-20260911-180828-5190b1-flood-on/gateway_samples.jsonl
ON,1789150230.726216,35.002371311187744,0.0,False,/content/DoS-Stress-Testing/runs/demo-20260911-180828-5190b1-flood-on/gateway_samples.jsonl
ON,1789150230.9767132,35.25286841392517,0.0,False,/content/DoS-Stress-Testing/runs/demo-20260911-180828-5190b1-flood-on/gateway_samples.jsonl
ON,1789150231.2270284,35.50318360328674,0.0,False,/content/DoS-Stress-Testing/runs/demo-20260911-180828-5190b1-flood-on/gateway_samples.jsonl
ON,1789150231.4773343,35.75348949432373,0.0,False,/content/DoS-Stress-Testing/runs/demo-20260911-180828-5190b1-flood-on/gateway_samples.jsonl
ON,1789150231.727031,36.00318622589111,0.0,False,/content/DoS-Stress-Testing/runs/demo-20260911-180828-5190b1-flood-on/gateway_samples.jsonl
ON,1789150231.9771037,36.25325894355774,0.0,False,/content/DoS-Stress-Testing/runs/demo-20260911-180828-5190b1-flood-on/gateway_samples.jsonl
ON,1789150232.2269208,36.50307607650757,0.0,False,/content/DoS-Stress-Testing/runs/demo-20260911-180828-5190b1-flood-on/gateway_samples.jsonl
ON,1789150232.4770763,36.75323152542114,0.0,False,/content/DoS-Stress-Testing/runs/demo-20260911-180828-5190b1-flood-on/gateway_samples.jsonl
ON,1789150232.72725,37.00340533256531,0.0,False,/content/DoS-Stress-Testing/runs/demo-20260911-180828-5190b1-flood-on/gateway_samples.jsonl
ON,1789150232.977563,37.25371813774109,0.0,False,/content/DoS-Stress-Testing/runs/demo-20260911-180828-5190b1-flood-on/gateway_samples.jsonl
ON,1789150233.2284105,37.504565715789795,0.0,False,/content/DoS-Stress-Testing/runs/demo-20260911-180828-5190b1-flood-on/gateway_samples.jsonl
ON,1789150233.479341,37.75549626350403,0.0,False,/content/DoS-Stress-Testing/runs/demo-20260911-180828-5190b1-flood-on/gateway_samples.jsonl
ON,1789150233.7290888,38.00524401664734,0.0,False,/content/DoS-Stress-Testing/runs/demo-20260911-180828-5190b1-flood-on/gateway_samples.jsonl
ON,1789150233.9800432,38.25619840621948,0.0,False,/content/DoS-Stress-Testing/runs/demo-20260911-180828-5190b1-flood-on/gateway_samples.jsonl
ON,1789150234.2307503,38.5069055557251,0.0,False,/content/DoS-Stress-Testing/runs/demo-20260911-180828-5190b1-flood-on/gateway_samples.jsonl
ON,1789150234.4829826,38.759137868881226,0.0,False,/content/DoS-Stress-Testing/runs/demo-20260911-180828-5190b1-flood-on/gateway_samples.jsonl
ON,1789150234.733189,39.00934433937073,0.0,False,/content/DoS-Stress-Testing/runs/demo-20260911-180828-5190b1-flood-on/gateway_samples.jsonl
ON,1789150234.982692,39.2588472366333,0.0,False,/content/DoS-Stress-Testing/runs/demo-20260911-180828-5190b1-flood-on/gateway_samples.jsonl
ON,1789150235.2340298,39.51018500328064,0.0,False,/content/DoS-Stress-Testing/runs/demo-20260911-180828-5190b1-flood-on/gateway_samples.jsonl
ON,1789150235.4856157,39.76177096366882,0.0,False,/content/DoS-Stress-Testing/runs/demo-20260911-180828-5190b1-flood-on/gateway_samples.jsonl
ON,1789150235.7374692,40.01362442970276,0.0,False,/content/DoS-Stress-Testing/runs/demo-20260911-180828-5190b1-flood-on/gateway_samples.jsonl
ON,1789150235.9953718,40.27152705192566,0.0,False,/content/DoS-Stress-Testing/runs/demo-20260911-180828-5190b1-flood-on/gateway_samples.jsonl
ON,1789150236.2467742,40.522929430007935,0.0,False,/content/DoS-Stress-Testing/runs/demo-20260911-180828-5190b1-flood-on/gateway_samples.jsonl
ON,1789150236.4973335,40.77348875999451,0.0,False,/content/DoS-Stress-Testing/runs/demo-20260911-180828-5190b1-flood-on/gateway_samples.jsonl
ON,1789150236.7496552,41.0258104801178,0.0,False,/content/DoS-Stress-Testing/runs/demo-20260911-180828-5190b1-flood-on/gateway_samples.jsonl
ON,1789150237.0005817,41.27673697471619,0.0,False,/content/DoS-Stress-Testing/runs/demo-20260911-180828-5190b1-flood-on/gateway_samples.jsonl
ON,1789150237.251211,41.527366161346436,0.0,False,/content/DoS-Stress-Testing/runs/demo-20260911-180828-5190b1-flood-on/gateway_samples.jsonl
ON,1789150237.5021925,41.7783477306366,0.0,False,/content/DoS-Stress-Testing/runs/demo-20260911-180828-5190b1-flood-on/gateway_samples.jsonl
ON,1789150237.7532187,42.02937388420105,0.0,False,/content/DoS-Stress-Testing/runs/demo-20260911-180828-5190b1-flood-on/gateway_samples.jsonl
ON,1789150238.0032809,42.279436111450195,0.0,False,/content/DoS-Stress-Testing/runs/demo-20260911-180828-5190b1-flood-on/gateway_samples.jsonl
ON,1789150238.2535415,42.52969670295715,0.0,False,/content/DoS-Stress-Testing/runs/demo-20260911-180828-5190b1-flood-on/gateway_samples.jsonl
ON,1789150238.504137,42.78029227256775,0.0,False,/content/DoS-Stress-Testing/runs/demo-20260911-180828-5190b1-flood-on/gateway_samples.jsonl
ON,1789150238.7538314,43.02998661994934,0.0,False,/content/DoS-Stress-Testing/runs/demo-20260911-180828-5190b1-flood-on/gateway_samples.jsonl
ON,1789150239.003917,43.28007221221924,0.0,False,/content/DoS-Stress-Testing/runs/demo-20260911-180828-5190b1-flood-on/gateway_samples.jsonl
ON,1789150239.2541344,43.53028964996338,0.0,False,/content/DoS-Stress-Testing/runs/demo-20260911-180828-5190b1-flood-on/gateway_samples.jsonl
ON,1789150239.5041015,43.78025674819946,0.0,False,/content/DoS-Stress-Testing/runs/demo-20260911-180828-5190b1-flood-on/gateway_samples.jsonl
ON,1789150239.7538185,44.02997374534607,0.0,False,/content/DoS-Stress-Testing/runs/demo-20260911-180828-5190b1-flood-on/gateway_samples.jsonl
ON,1789150240.004375,44.28053021430969,0.0,False,/content/DoS-Stress-Testing/runs/demo-20260911-180828-5190b1-flood-on/gateway_samples.jsonl
ON,1789150240.255641,44.53179621696472,0.0,False,/content/DoS-Stress-Testing/runs/demo-20260911-180828-5190b1-flood-on/gateway_samples.jsonl
ON,1789150240.5062833,44.78243851661682,0.0,False,/content/DoS-Stress-Testing/runs/demo-20260911-180828-5190b1-flood-on/gateway_samples.jsonl
ON,1789150240.7561507,45.03230595588684,0.0,False,/content/DoS-Stress-Testing/runs/demo-20260911-180828-5190b1-flood-on/gateway_samples.jsonl
ON,1789150241.0059314,45.28208661079407,0.0,False,/content/DoS-Stress-Testing/runs/demo-20260911-180828-5190b1-flood-on/gateway_samples.jsonl
ON,1789150241.2558637,45.5320188999176,0.0,False,/content/DoS-Stress-Testing/runs/demo-20260911-180828-5190b1-flood-on/gateway_samples.jsonl
ON,1789150241.5063086,45.782463788986206,0.0,False,/content/DoS-Stress-Testing/runs/demo-20260911-180828-5190b1-flood-on/gateway_samples.jsonl
ON,1789150241.756472,46.03262734413147,0.0,False,/content/DoS-Stress-Testing/runs/demo-20260911-180828-5190b1-flood-on/gateway_samples.jsonl
ON,1789150242.0069172,46.28307247161865,0.0,False,/content/DoS-Stress-Testing/runs/demo-20260911-180828-5190b1-flood-on/gateway_samples.jsonl
ON,1789150242.256723,46.532878160476685,0.0,False,/content/DoS-Stress-Testing/runs/demo-20260911-180828-5190b1-flood-on/gateway_samples.jsonl
ON,1789150242.5075815,46.78373670578003,0.0,False,/content/DoS-Stress-Testing/runs/demo-20260911-180828-5190b1-flood-on/gateway_samples.jsonl
ON,1789150242.757218,47.0333731174469,0.0,False,/content/DoS-Stress-Testing/runs/demo-20260911-180828-5190b1-flood-on/gateway_samples.jsonl
ON,1789150243.0074623,47.28361749649048,0.0,False,/content/DoS-Stress-Testing/runs/demo-20260911-180828-5190b1-flood-on/gateway_samples.jsonl
ON,1789150243.258877,47.53503227233887,0.0,False,/content/DoS-Stress-Testing/runs/demo-20260911-180828-5190b1-flood-on/gateway_samples.jsonl
ON,1789150243.5088427,47.78499794006348,0.0,False,/content/DoS-Stress-Testing/runs/demo-20260911-180828-5190b1-flood-on/gateway_samples.jsonl
ON,1789150243.7587302,48.03488540649414,0.0,False,/content/DoS-Stress-Testing/runs/demo-20260911-180828-5190b1-flood-on/gateway_samples.jsonl
ON,1789150244.0095255,48.28568077087402,0.0,False,/content/DoS-Stress-Testing/runs/demo-20260911-180828-5190b1-flood-on/gateway_samples.jsonl
ON,1789150244.2595742,48.53572940826416,0.0,False,/content/DoS-Stress-Testing/runs/demo-20260911-180828-5190b1-flood-on/gateway_samples.jsonl
ON,1789150244.5105932,48.78674840927124,0.0,False,/content/DoS-Stress-Testing/runs/demo-20260911-180828-5190b1-flood-on/gateway_samples.jsonl
ON,1789150244.7609522,49.03710746765137,0.0,False,/content/DoS-Stress-Testing/runs/demo-20260911-180828-5190b1-flood-on/gateway_samples.jsonl
ON,1789150245.0123274,49.288482666015625,0.0,False,/content/DoS-Stress-Testing/runs/demo-20260911-180828-5190b1-flood-on/gateway_samples.jsonl
ON,1789150245.2627435,49.53889870643616,0.0,False,/content/DoS-Stress-Testing/runs/demo-20260911-180828-5190b1-flood-on/gateway_samples.jsonl
ON,1789150245.5129447,49.78909993171692,0.0,False,/content/DoS-Stress-Testing/runs/demo-20260911-180828-5190b1-flood-on/gateway_samples.jsonl
ON,1789150245.7645793,50.04073452949524,0.0,False,/content/DoS-Stress-Testing/runs/demo-20260911-180828-5190b1-flood-on/gateway_samples.jsonl
ON,1789150246.0146215,50.29077672958374,0.0,False,/content/DoS-Stress-Testing/runs/demo-20260911-180828-5190b1-flood-on/gateway_samples.jsonl
ON,1789150246.265184,50.54133915901184,0.0,False,/content/DoS-Stress-Testing/runs/demo-20260911-180828-5190b1-flood-on/gateway_samples.jsonl
ON,1789150246.51579,50.79194521903992,0.0,False,/content/DoS-Stress-Testing/runs/demo-20260911-180828-5190b1-flood-on/gateway_samples.jsonl
ON,1789150246.7664754,51.042630672454834,0.0,False,/content/DoS-Stress-Testing/runs/demo-20260911-180828-5190b1-flood-on/gateway_samples.jsonl
ON,1789150247.0176847,51.29383993148804,0.0,False,/content/DoS-Stress-Testing/runs/demo-20260911-180828-5190b1-flood-on/gateway_samples.jsonl
ON,1789150247.2686715,51.54482674598694,0.0,False,/content/DoS-Stress-Testing/runs/demo-20260911-180828-5190b1-flood-on/gateway_samples.jsonl
ON,1789150247.5192976,51.79545283317566,0.0,False,/content/DoS-Stress-Testing/runs/demo-20260911-180828-5190b1-flood-on/gateway_samples.jsonl
ON,1789150247.7694886,52.04564380645752,0.0,False,/content/DoS-Stress-Testing/runs/demo-20260911-180828-5190b1-flood-on/gateway_samples.jsonl
ON,1789150248.0215693,52.29772448539734,0.0,False,/content/DoS-Stress-Testing/runs/demo-20260911-180828-5190b1-flood-on/gateway_samples.jsonl
ON,1789150248.2729406,52.54909586906433,0.0,False,/content/DoS-Stress-Testing/runs/demo-20260911-180828-5190b1-flood-on/gateway_samples.jsonl
ON,1789150248.523495,52.79965019226074,0.0,False,/content/DoS-Stress-Testing/runs/demo-20260911-180828-5190b1-flood-on/gateway_samples.jsonl
